그로브 직무 데이터셋,,,
,,,
,,,
,,,
job_id,job_name,category,job_description
Dev01,프론트엔드 개발자,Developer,웹사이트나 웹 애플리케이션에서 사용자에게 보여지는 부분을 개발합니다.
Dev02,백엔드 개발자,Developer,"사용자와 직접적으로 상호작용하지 않는 서버, 데이터베이스, 애플리케이션 등을 관리하고 개발합니다."
Dev03,풀스택 개발자,Developer,프론트엔드와 백엔드를 모두 다룰 수 있는 개발자입니다.
Dev04,iOS 개발자,Developer,애플의 iOS 운영체제에서 작동하는 모바일 앱을 개발합니다.
Dev05,안드로이드 개발자,Developer,구글의 안드로이드 운영체제에서 작동하는 모바일 앱을 개발합니다.
Dev06,크로스플랫폼 앱 개발자,Developer,iOS와 안드로이드 모두에서 작동하는 앱을 개발합니다.
Dev07,데이터베이스 관리자,Developer,데이터베이스를 효율적으로 운영하고 관리하는 역할을 합니다.
Dev08,데이터 엔지니어,Developer,대규모 데이터를 처리하고 분석할 수 있는 시스템을 구축합니다.
Dev09,머신러닝 엔지니어,Developer,인공지능 모델을 개발하고 실제 서비스에 적용하는 역할을 합니다.
Dev10,데이터 사이언티스트,Developer,데이터를 분석하여 비즈니스에 도움이 되는 인사이트를 도출합니다.
Dev11,데브옵스 엔지니어,Developer,F
Dev12,클라우드 엔지니어,Developer,"클라우드 컴퓨팅 환경을 설계, 구축, 운영하는 역할을 합니다."
Dev13,정보 보안 전문가,Developer,"해킹, 바이러스 등 외부 위협으로부터 기업의 정보 자산을 보호합니다."
Dev14,임베디드 시스템 개발자,Developer,"냉장고, TV 등 전자기기에 내장되는 소프트웨어를 개발합니다."
Dev15,게임 클라이언트 개발자,Developer,사용자가 직접 플레이하는 게임 화면과 관련된 부분을 개발합니다.
Dev16,게임 서버 개발자,Developer,게임의 전반적인 시스템과 데이터베이스를 관리하는 서버를 개발합니다.
Dev17,QA 엔지니어,Developer,소프트웨어의 품질을 보증하기 위해 테스트를 수행하고 결함을 찾아냅니다.
Dev18,블록체인 개발자,Developer,블록체인 기술을 기반으로 새로운 서비스를 개발합니다.
Dev19,ERP 개발자,Developer,기업의 자원을 효율적으로 관리하기 위한 전사적 자원관리 시스템을 개발합니다.
Dev20,검색 엔진 개발자,Developer,방대한 데이터 속에서 사용자가 원하는 정보를 빠르고 정확하게 찾아주는 검색 엔진을 개발합니다.
Des01,UI 디자이너,Designer,사용자가 서비스를 편리하게 이용할 수 있도록 화면을 디자인합니다.
Des02,UX 디자이너,Designer,사용자의 경험을 분석하여 더 나은 서비스를 제공하기 위한 디자인을 합니다.
Des03,프로덕트 디자이너,Designer,"제품의 전체적인 디자인을 책임지며, 기획부터 출시까지 모든 과정에 참여합니다."
Des04,BX 디자이너,Designer,브랜드의 정체성을 시각적으로 표현하여 사용자에게 긍정적인 경험을 제공합니다.
Des05,GUI 디자이너,Designer,사용자가 서비스를 이용할 때 마주하는 그래픽 요소를 디자인합니다.
Des06,웹 디자이너,Designer,웹사이트의 전체적인 디자인과 레이아웃을 구성합니다.
Des07,앱 디자이너,Designer,모바일 앱의 화면과 사용자 경험을 디자인합니다.
Des08,인터랙션 디자이너,Designer,사용자와 서비스 간의 상호작용을 디자인하여 더 나은 사용자 경험을 제공합니다.
Des09,모션 그래픽 디자이너,Designer,영상이나 애니메이션을 활용하여 정보를 효과적으로 전달하는 디자인을 합니다.
Des10,3D 모델러,Designer,"3D 그래픽을 활용하여 캐릭터, 배경, 제품 등을 입체적으로 표현합니다."
Des11,캐릭터 디자이너,Designer,"게임, 애니메이션 등에 등장하는 캐릭터를 디자인합니다."
Des12,UX 리서처,Designer,사용자의 행동과 니즈를 분석하여 디자인 개선에 필요한 정보를 제공합니다.
Des13,콘텐츠 디자이너,Designer,"SNS, 블로그 등 다양한 채널에 사용되는 콘텐츠를 디자인합니다."
Des14,광고 디자이너,Designer,광고 캠페인의 목적에 맞는 시각적인 결과물을 만들어냅니다.
Des15,편집 디자이너,Designer,"책, 잡지 등 인쇄물의 레이아웃과 디자인을 담당합니다."
Des16,일러스트레이터,Designer,그림이나 삽화를 통해 정보를 시각적으로 전달하는 역할을 합니다.
Des17,UI/UX 기획자,Designer,사용자의 편의성을 고려하여 서비스의 화면과 기능을 설계합니다.
Des18,디자인 시스템 디자이너,Designer,일관된 디자인을 유지하기 위한 디자인 원칙과 가이드를 만듭니다.
Des19,VFX 아티스트,Designer,"영화, 드라마 등에서 사용되는 시각 효과를 제작합니다."
Des20,VR/AR 디자이너,Designer,가상현실(VR)과 증강현실(AR) 환경에 맞는 콘텐츠를 디자인합니다.
Mar01,콘텐츠 마케터,Marketer,고객에게 가치 있는 콘텐츠를 제공하여 브랜드 인지도를 높이고 잠재 고객을 확보합니다.
Mar02,퍼포먼스 마케터,Marketer,데이터를 기반으로 광고 성과를 측정하고 최적화하여 마케팅 목표를 달성합니다.
Mar03,SEO 마케터,Marketer,검색 엔진 최적화를 통해 웹사이트의 검색 결과 상위 노출을 유도합니다.
Mar04,CRM 마케터,Marketer,고객 관계 관리를 통해 기존 고객의 충성도를 높이고 재구매를 유도합니다.
Mar05,소셜 미디어 마케터,Marketer,"페이스북, 인스타그램 등 소셜 미디어를 활용하여 브랜드와 제품을 홍보합니다."
Mar06,브랜드 마케터,Marketer,브랜드의 가치를 높이고 긍정적인 이미지를 구축하기 위한 전략을 수립하고 실행합니다.
Mar07,그로스 마케터,Marketer,"데이터 분석을 통해 고객 유입, 전환, 유지 등 전반적인 성장을 이끌어냅니다."
Mar08,ASO 마케터,Marketer,앱 스토어 최적화를 통해 앱 다운로드 수를 늘리는 역할을 합니다.
Mar09,인플루언서 마케터,Marketer,영향력 있는 인플루언서를 활용하여 제품이나 서비스를 홍보합니다.
Mar10,이메일 마케터,Marketer,이메일을 통해 고객에게 맞춤형 정보와 혜택을 제공하여 관계를 유지합니다.
Mar11,B2B 마케터,Marketer,기업 고객을 대상으로 제품이나 서비스를 판매하기 위한 마케팅 활동을 합니다.
Mar12,B2C 마케터,Marketer,일반 소비자를 대상으로 제품이나 서비스를 판매하기 위한 마케팅 활동을 합니다.
Mar13,디지털 마케터,Marketer,온라인 채널을 활용하여 마케팅 전략을 수립하고 실행합니다.
Mar14,제휴 마케터,Marketer,다른 기업과의 협력을 통해 상호 이익을 창출하는 마케팅 활동을 합니다.
Mar15,AE,Marketer,광고주와의 커뮤니케이션을 통해 광고 캠페인을 기획하고 실행하는 역할을 합니다.
Mar16,미디어 커머스 마케터,Marketer,미디어 콘텐츠를 활용하여 제품을 판매하는 새로운 형태의 마케팅을 합니다.
Mar17,마켓 리서처,Marketer,시장 조사를 통해 소비자의 니즈와 트렌드를 파악하여 마케팅 전략에 반영합니다.
Mar18,바이럴 마케터,Marketer,소비자들이 자발적으로 콘텐츠를 공유하고 확산시키도록 유도하는 마케팅을 합니다.
Mar19,PR 전문가,Marketer,"언론, 대중과의 긍정적인 관계를 형성하여 기업 이미지를 제고합니다."
Mar20,이벤트 마케터,Marketer,오프라인 이벤트를 기획하고 실행하여 브랜드 인지도를 높이고 고객 참여를 유도합니다.
Pla01,서비스 기획자,Planner,새로운 서비스를 만들거나 기존 서비스를 개선하기 위한 아이디어를 내고 구체화합니다.
Pla02,PO,Planner,제품의 책임자로서 제품의 비전과 목표를 설정하고 개발 과정을 총괄합니다.
Pla03,PM,Planner,"제품의 성공적인 출시와 운영을 위해 개발, 디자인, 마케팅 등 다양한 팀과 협업합니다."
Pla04,사업 기획자,Planner,새로운 사업 기회를 발굴하고 사업 계획을 수립하여 회사의 성장을 이끌어냅니다.
Pla05,전략 기획자,Planner,회사의 장기적인 비전과 목표를 설정하고 이를 달성하기 위한 전략을 수립합니다.
Pla06,플랫폼 기획자,Planner,다양한 서비스와 콘텐츠를 제공하는 플랫폼을 기획하고 운영합니다.
Pla07,UX 기획자,Planner,사용자의 경험을 중심으로 서비스를 설계하고 개선하는 역할을 합니다.
Pla08,콘텐츠 기획자,Planner,사용자의 흥미를 유발하고 정보를 제공하는 콘텐츠를 기획하고 제작합니다.
Pla09,신사업 기획자,Planner,새로운 시장을 개척하고 신규 사업을 발굴하여 회사의 미래 성장 동력을 만듭니다.
Pla10,모바일 서비스 기획자,Planner,"스마트폰, 태블릿 등 모바일 환경에 최적화된 서비스를 기획합니다."
Pla11,웹 기획자,Planner,PC 환경에 맞는 웹사이트를 기획하고 구축하는 역할을 합니다.
Pla12,IT 컨설턴트,Planner,기업의 비즈니스 문제를 해결하기 위해 IT 기술을 활용한 해결책을 제시합니다.
Pla13,데이터 분석 기반 기획자,Planner,데이터를 분석하여 인사이트를 도출하고 이를 기반으로 서비스를 기획합니다.
Pla14,AI 서비스 기획자,Planner,인공지능 기술을 활용하여 새로운 서비스를 기획하고 개발합니다.
Pla15,게임 기획자,Planner,"게임의 세계관, 스토리, 시스템 등을 설계하여 재미있는 게임을 만듭니다."
Pla16,시스템 기획자,Planner,복잡한 시스템의 구조를 설계하고 개발 과정을 관리하는 역할을 합니다.
Pla17,이커머스 기획자,Planner,"온라인 쇼핑몰의 상품 구성, 프로모션, 결제 시스템 등을 기획합니다."
Pla18,백오피스(어드민) 기획자,Planner,관리자가 사용하는 시스템을 설계하여 업무 효율성을 높이는 역할을 합니다.
Pla19,마케팅 기획자,Planner,마케팅 목표를 달성하기 위한 전략을 수립하고 구체적인 실행 계획을 세웁니다.
Pla20,운영 기획자,Planner,서비스가 안정적으로 운영될 수 있도록 관리하고 개선하는 역할을 합니다.